{
  "x": {
    "min": 13.209062576293945,
    "max": 16.575366973876953
  },
  "y": {
    "min": 0.12933039665222168,
    "max": 3.4993059635162354
  },
  "z": {
    "min": -3.029200792312622,
    "max": -0.5082111358642578
  }
}
